{"cameraMode":{"drawMode":0,"name":"Shaded","section":"Shading Mode"},"sceneLighting":false,"audioPlay":false,"sceneViewState":{"showFog":true,"showMaterialUpdate":false,"showSkybox":true,"showFlares":true,"showImageEffects":true,"showParticleSystems":true},"in2DMode":false,"pivot":{"x":4.779599666595459,"y":-0.21593093872070313,"z":2.950692892074585},"rotation":{"x":-0.4907969832420349,"y":0.5072700381278992,"z":-0.46860814094543459,"w":-0.5312719941139221},"size":7.537509441375732,"orthographic":false}