{"cameraMode":{"drawMode":0,"name":"Shaded","section":"Shading Mode"},"sceneLighting":false,"audioPlay":false,"sceneViewState":{"showFog":true,"showMaterialUpdate":false,"showSkybox":true,"showFlares":true,"showImageEffects":true,"showParticleSystems":true},"in2DMode":false,"pivot":{"x":-0.5520334243774414,"y":-3.852956771850586,"z":4.271692276000977},"rotation":{"x":0.2927393615245819,"y":-0.6556417942047119,"z":0.30730122327804568,"w":0.6245309114456177},"size":10.29083251953125,"orthographic":false}