{"cameraMode":{"drawMode":0,"name":"Shaded","section":"Shading Mode"},"sceneLighting":false,"audioPlay":false,"sceneViewState":{"showFog":true,"showMaterialUpdate":false,"showSkybox":false,"showFlares":true,"showImageEffects":true,"showParticleSystems":true},"in2DMode":false,"pivot":{"x":-0.5227342247962952,"y":0.16182994842529298,"z":-0.14418673515319825},"rotation":{"x":0.466037780046463,"y":-0.4804166257381439,"z":0.3384973406791687,"w":0.6614099144935608},"size":5.066025733947754,"orthographic":false}