{"cameraMode":{"drawMode":0,"name":"Shaded","section":"Shading Mode"},"sceneLighting":false,"audioPlay":false,"sceneViewState":{"showFog":true,"showMaterialUpdate":false,"showSkybox":true,"showFlares":true,"showImageEffects":true,"showParticleSystems":true},"in2DMode":false,"pivot":{"x":-30.870174407958986,"y":8.901342391967774,"z":-9.457977294921875},"rotation":{"x":-0.008778191171586514,"y":0.9901182651519775,"z":-0.11969884485006333,"w":-0.07260649651288986},"size":47.599571228027347,"orthographic":false}