{"cameraMode":{"drawMode":0,"name":"Shaded","section":"Shading Mode"},"sceneLighting":false,"audioPlay":false,"sceneViewState":{"showFog":true,"showMaterialUpdate":false,"showSkybox":true,"showFlares":true,"showImageEffects":true,"showParticleSystems":true},"in2DMode":false,"pivot":{"x":-77.20865631103516,"y":22.844953536987306,"z":31.75},"rotation":{"x":0.04041551053524017,"y":0.7798274755477905,"z":-0.05060799792408943,"w":0.6226592063903809},"size":1.2247449159622193,"orthographic":false}