{"cameraMode":{"drawMode":0,"name":"Shaded","section":"Shading Mode"},"sceneLighting":false,"audioPlay":false,"sceneViewState":{"showFog":true,"showMaterialUpdate":false,"showSkybox":true,"showFlares":true,"showImageEffects":true,"showParticleSystems":true},"in2DMode":false,"pivot":{"x":3.251114845275879,"y":0.2708907127380371,"z":4.859193801879883},"rotation":{"x":0.2527887523174286,"y":-0.43889573216438296,"z":0.13017413020133973,"w":0.8523820638656616},"size":10.488794326782227,"orthographic":false}